provinsi,gk.makanan.perkotaan.2015.maret,gk.makanan.perkotaan.2015.september,gk.makanan.perkotaan.2016.maret,gk.makanan.perkotaan.2016.september,gk.makanan.perdesaan.2015.maret,gk.makanan.perdesaan.2015.september,gk.makanan.perdesaan.2016.maret,gk.makanan.perdesaan.2016.september,gk.makanan.perdesaanperkotaan.2015.maret,gk.makanan.perdesaanperkotaan.2015.september,gk.makanan.perdesaanperkotaan.2016.maret,gk.makanan.perdesaanperkotaan.2016.september,gk.makanan.perkotaan.2017.maret,gk.makanan.perkotaan.2017.september,gk.makanan.perkotaan.2018.maret,gk.makanan.perkotaan.2018.september,gk.makanan.perdesaan.2017.maret,gk.makanan.perdesaan.2017.september,gk.makanan.perdesaan.2018.maret,gk.makanan.perdesaan.2018.september,gk.makanan.perdesaanperkotaan.2017.maret,gk.makanan.perdesaanperkotaan.2017.september,gk.makanan.perdesaanperkotaan.2018.maret,gk.makanan.perdesaanperkotaan.2018.september,gk.makanan.perkotaan.2019.maret,gk.makanan.perkotaan.2019.september,gk.makanan.perkotaan.2020.maret,gk.makanan.perkotaan.2020.september,gk.makanan.perdesaan.2019.maret,gk.makanan.perdesaan.2019.september,gk.makanan.perdesaan.2020.maret,gk.makanan.perdesaan.2020.september,gk.makanan.perdesaanperkotaan.2019.maret,gk.makanan.perdesaanperkotaan.2019.september,gk.makanan.perdesaanperkotaan.2020.maret,gk.makanan.perdesaanperkotaan.2020.september,gk.makanan.perkotaan.2021.maret,gk.makanan.perkotaan.2021.september,gk.makanan.perkotaan.2022.maret,gk.makanan.perkotaan.2022.september,gk.makanan.perdesaan.2021.maret,gk.makanan.perdesaan.2021.september,gk.makanan.perdesaan.2022.maret,gk.makanan.perdesaan.2022.september,gk.makanan.perdesaanperkotaan.2021.maret,gk.makanan.perdesaanperkotaan.2021.september,gk.makanan.perdesaanperkotaan.2022.maret,gk.makanan.perdesaanperkotaan.2022.september,gk.nonmakanan.perkotaan.2015.maret,gk.nonmakanan.perkotaan.2015.september,gk.nonmakanan.perkotaan.2016.maret,gk.nonmakanan.perkotaan.2016.september,gk.nonmakanan.perdesaan.2015.maret,gk.nonmakanan.perdesaan.2015.september,gk.nonmakanan.perdesaan.2016.maret,gk.nonmakanan.perdesaan.2016.september,gk.nonmakanan.perdesaanperkotaan.2015.maret,gk.nonmakanan.perdesaanperkotaan.2015.september,gk.nonmakanan.perdesaanperkotaan.2016.maret,gk.nonmakanan.perdesaanperkotaan.2016.september,gk.nonmakanan.perkotaan.2017.maret,gk.nonmakanan.perkotaan.2017.september,gk.nonmakanan.perkotaan.2018.maret,gk.nonmakanan.perkotaan.2018.september,gk.nonmakanan.perdesaan.2017.maret,gk.nonmakanan.perdesaan.2017.september,gk.nonmakanan.perdesaan.2018.maret,gk.nonmakanan.perdesaan.2018.september,gk.nonmakanan.perdesaanperkotaan.2017.maret,gk.nonmakanan.perdesaanperkotaan.2017.september,gk.nonmakanan.perdesaanperkotaan.2018.maret,gk.nonmakanan.perdesaanperkotaan.2018.september,gk.nonmakanan.perkotaan.2019.maret,gk.nonmakanan.perkotaan.2019.september,gk.nonmakanan.perkotaan.2020.maret,gk.nonmakanan.perkotaan.2020.september,gk.nonmakanan.perdesaan.2019.maret,gk.nonmakanan.perdesaan.2019.september,gk.nonmakanan.perdesaan.2020.maret,gk.nonmakanan.perdesaan.2020.september,gk.nonmakanan.perdesaanperkotaan.2019.maret,gk.nonmakanan.perdesaanperkotaan.2019.september,gk.nonmakanan.perdesaanperkotaan.2020.maret,gk.nonmakanan.perdesaanperkotaan.2020.september,gk.nonmakanan.perkotaan.2021.maret,gk.nonmakanan.perkotaan.2021.september,gk.nonmakanan.perkotaan.2022.maret,gk.nonmakanan.perkotaan.2022.september,gk.nonmakanan.perdesaan.2021.maret,gk.nonmakanan.perdesaan.2021.september,gk.nonmakanan.perdesaan.2022.maret,gk.nonmakanan.perdesaan.2022.september,gk.nonmakanan.perdesaanperkotaan.2021.maret,gk.nonmakanan.perdesaanperkotaan.2021.september,gk.nonmakanan.perdesaanperkotaan.2022.maret,gk.nonmakanan.perdesaanperkotaan.2022.september,gk.total.perkotaan.2013.maret,gk.total.perkotaan.2013.september,gk.total.perkotaan.2014.maret,gk.total.perkotaan.2014.september,gk.total.perdesaan.2013.maret,gk.total.perdesaan.2013.september,gk.total.perdesaan.2014.maret,gk.total.perdesaan.2014.september,gk.total.perdesaanperkotaan.2013.maret,gk.total.perdesaanperkotaan.2013.september,gk.total.perdesaanperkotaan.2014.maret,gk.total.perdesaanperkotaan.2014.september,gk.total.perkotaan.2015.maret,gk.total.perkotaan.2015.september,gk.total.perkotaan.2016.maret,gk.total.perkotaan.2016.september,gk.total.perdesaan.2015.maret,gk.total.perdesaan.2015.september,gk.total.perdesaan.2016.maret,gk.total.perdesaan.2016.september,gk.total.perdesaanperkotaan.2015.maret,gk.total.perdesaanperkotaan.2015.september,gk.total.perdesaanperkotaan.2016.maret,gk.total.perdesaanperkotaan.2016.september,gk.total.perkotaan.2017.maret,gk.total.perkotaan.2017.september,gk.total.perkotaan.2018.maret,gk.total.perkotaan.2018.september,gk.total.perdesaan.2017.maret,gk.total.perdesaan.2017.september,gk.total.perdesaan.2018.maret,gk.total.perdesaan.2018.september,gk.total.perdesaanperkotaan.2017.maret,gk.total.perdesaanperkotaan.2017.september,gk.total.perdesaanperkotaan.2018.maret,gk.total.perdesaanperkotaan.2018.september,gk.total.perkotaan.2019.maret,gk.total.perkotaan.2019.september,gk.total.perkotaan.2020.maret,gk.total.perkotaan.2020.september,gk.total.perdesaan.2019.maret,gk.total.perdesaan.2019.september,gk.total.perdesaan.2020.maret,gk.total.perdesaan.2020.september,gk.total.perdesaanperkotaan.2019.maret,gk.total.perdesaanperkotaan.2019.september,gk.total.perdesaanperkotaan.2020.maret,gk.total.perdesaanperkotaan.2020.september,gk.total.perkotaan.2021.maret,gk.total.perkotaan.2021.september,gk.total.perkotaan.2022.maret,gk.total.perkotaan.2022.september,gk.total.perdesaan.2021.maret,gk.total.perdesaan.2021.september,gk.total.perdesaan.2022.maret,gk.total.perdesaan.2022.september,gk.total.perdesaanperkotaan.2021.maret,gk.total.perdesaanperkotaan.2021.september,gk.total.perdesaanperkotaan.2022.maret,gk.total.perdesaanperkotaan.2022.september
ACEH,293697.0,302128.0,306243.0,319768.0,297479.0,306737.0,287316.1515151515,324854.0,296406.0,305428.0,312801.0,323548.0,330153.0,347811.0,351777.0,360318.0,331267.0,346070.0,353915.0,362463.0,330958.0,346552.0,353291,326701.1515151515,364040.0,357538.8787878788,398026.0,399504.0,372626.0,387367.0,396615.0,397816.0,370093.0,384381,397032.0,398316.0,418047.0,426126.0,448528.0,481276.0,406917.0,414738.0,434104.0,423701.875,410420,418296.0,438658.0,468255.0,116717.0,118196.0,121727.0,125719.0,84638.0,87682.0,88288.0,90972.0,93744.0,96344.0,98155.0,101217.0,127858.0,132061.0,128084.96875,136434,94463.0,96799.0,100825.0,104778.0,104496.0,107572,113105.96875,114830.0,137577.0,140281,143425.0,144182.0,106943.0,110248.0,116270.0,116847.0,116842.0,120033.0,125093,125892.0,147729.0,151144.0,157867.0,164956.0,122118.0,126262.0,131658.0,140763.0,130689.0,134643,143692.81818181818,149038.0,359217.0,374261.0,383186.0,396939.0,319416.0,337962.0,350204.0,369232.0,,,,,410414.0,420324.0,427970.0,402562.57575757575,337648.86666666664,394419.0,403985.0,415826.0,390150,401772,388934.3103448276,392059.42424242425,458011.0,479872,486338.0,496752.0,425730.0,442869.0,454740.0,467242.0,435454.0,454124.0,464626.0,476665.0,501617.0,517900.0,541451.0,543685.0,479569.0,497615.0,512886.0,514663.0,486935.0,504414.0,522125.0,524208.0,565776.0,560334.6451612903,606394.0,646232.0,529035.0,541000.0,565762.0,602900.0,541109,552939.0,579228.0,617293.0
SUMATERA UTARA,261677.0,273271.0,290096.0,284353.0606060606,266143.0,284650.0,304942.0,313234.0,263932.0,279015.0,296832.0,308037.0,311996.0,321688.0,317489.45454545453,345167.0,316190.0,322222.0,333843.0,342317.0,314243.0,321967.0,331105,343740.0,354346.0,366831.0,376919.0,378679.0,348030.0,367379.0,376656.0,378550.0,351215.0,367105,376790.0,378617.0,397996.0,397542.25,431588.0,458089.0,391979.0,384677.0,415301.0,438098.0,395104,404860.0,423760.0,448623.0,107123.24242424243,106627.0,108312.0,111808.0,65752.0,67987.0,72806.0,75473.0,84021.0,87123.0,91324.0,93795.0,113696.0,117206.0,128084.96875,120623,89221.74193548386,84935.0,87743.0,93173.0,97102.0,101729,104865.0,107932.0,129321.0,139706,141299.0,141850.0,97785.0,103166.0,108061.0,108091.0,114907.0,123015.0,126114,126619.0,145089.0,147124.0,151633.0,157137.0,112706.0,114016.0,118883.0,125685.0,130652.0,132451,137244.0,143402.0,301874.77419354836,330517.0,338234.0,349372.0,268559.1666666667,292186.0,299145.0,312493.0,,,,,364320.0,379898.0,398408.0,413835.0,337648.86666666664,352637.0,377748.0,388707.0,347953,366138,388156.0,401832.0,425693.0,438894,448363.0,465790.0,396033.0,407157.0,421586.0,435492.0,411345.0,423696.0,435970.0,451673.0,483667.0,506538.0,518218.0,520529.0,445815.0,470545.0,484717.0,475733.1212121212,466122.0,490120.0,502904.0,505236.0,543085.0,556437.0,583221.0,615227.0,504685.0,513987.0,534184.0,561981.3,525756,537311.0,561004.0,592025.0
SUMATERA BARAT,288410.0,301356.0,312154.0,322168.0,293768.0,313294.0,332415.0,341816.0,291641.0,308554.0,326993.0,334358.0,337132.0,339340.0,317489.45454545453,367319.0,352878.0,354771.0,369087.0,370529.0,301366.1612903226,348429.0,364235,369206.0,382490.0,402124.0,411369.0,413073.0,382217.0,401904.0,415694.0,416419.0,382333.0,402003,413832.0,414949.0,378515.0606060606,431008.0,453326.0,490322.0,438205.0,444693.0,470942.0,500796.0,431644,438308.0,403224.2727272727,495824.0,117925.0,113120.58064516129,129369.0,132506.0,75985.0,77884.0,81375.0,83703.0,92637.0,95393.0,98148.0,103717.0,135481.0,136026.0,139235.0,140237,86342.0,86644.0,91162.0,95901.0,106715.0,107368,112319.0,116426.0,143519.0,149242,151198.0,152458.0,101722.0,108553.0,112136.0,113254.0,121319.0,127697.0,130483,132291.0,156831.0,161294.0,169253.0,165362.9411764706,117976.0,121531.0,125233.39393939394,138150.0,137059.0,141237,148030.0,151527.875,332837.0,320886.5625,374968.0,390862.0,268559.1666666667,321252.0,333511.0,349824.0,,,,,406335.0,423339.0,441523.0,454674.0,369753.0,391178.0,368300.4516129032,425520.0,384278,403947,425141.0,438075.0,472614.0,475365,449144.8,507557.0,439220.0,441415.0,460249.0,466430.0,453611.0,455797.0,476554.0,485632.0,526008.0,551366.0,562567.0,565531.0,483939.0,510457.0,527830.0,529673.0,457784.20588235295,529700.0,544315.0,497433.8181818182,580937.0,592302.0,622579.0,668643.0,556181.0,566224.0,598431.0,638946.0,568703,579545.0,610940.0,654194.0
RIAU,280361.0,288956.0,292026.0,301570.0,302422.0,318195.0,326262.0,333174.0,293851.0,306835.0,312352.0,321762.0,318174.0,327480.0,342425.0,350004.0,346208.0,350965.0,357685.0,358620.0,335922.0,342348.0,351845,355411.0,361135.0,383444.0,400297.0,401965.0,368149.0,381046.0,394776.0,396647.0,365515.0,381904,396883.0,398654.0,419858.0,432554.0,407307.06666666665,486130.0,409818.0,423953.0,435905.0,468911.0,413593,427086.0,441535.0,475492.0,107123.24242424243,128812.0,134320.0,115745.25,93237.0,98585.0,99515.0,100785.0,105361.0,94300.06060606061,113648.0,115497.0,145074.0,147147.0,148954.0,149398,104373.0,106403.0,114001.0,119824.0,120571.0,122833,128099.0,131734.0,152604.0,163071,170165.0,170891.0,123242.0,103885.40625,131654.0,132088.0,135097.0,142957.0,147175,147436.0,175412.0,185998.0,191327.0,200815.0,136989.0,140947.0,146319.0,134341.67741935485,152344.0,158976,164377.0,173340.0,346796.0,366057.0,375286.0,386606.0,312591.0,339829.0,357009.0,374466.0,,,,,365476.30303030304,417768.0,426346.0,439542.0,395659.0,360935.32258064515,425777.0,433960.0,399212,417164,426000.0,437259.0,463248.0,474626,491379.0,499402.0,450581.0,457368.0,471687.0,478445.0,456493.0,465181.0,479944.0,487145.0,513739.0,546515.0,570462.0,572856.0,491391.0,510421.0,526431.0,528735.0,500612.0,524861.0,544058.0,546090.0,595270.0,618552.0,642008.0,686945.0,546807.0,564900.0,582224.0,623910.0,565937,586062.0,605912.0,648832.0
JAMBI,297507.0,308379.0,319954.0,328157.0,247652.0,258946.0,270888.0,277173.0,262791.0,273957.0,284973.0,292122.0,336354.0,308847.0344827586,358637.0,328398.51612903224,302241.625,291651.0,312113.0,314945.0,301576.0,306360.0,326180,329934.0,379659.0,389321.0,366595.26470588235,412391.0,327181.0,351876.4375,358278.96774193546,350313.0,343783.0,355585,362916.1212121212,369835.0,437220.0,448893.0,478149.0,440577.7419354839,362221.0,364150.0,380967.0,410425.0,385360,391656.0,411537.0,443292.0,108566.0,115476.0,118646.0,120458.0,69186.0,70949.0,71249.0,84715.56666666667,81144.0,84470.0,86903.0,87525.0,121463.0,123627.0,129154.0,129210,72641.0,74385.0,86388.0,86819.0,88019.0,90001,100071.0,100501.0,131996.0,135322,142643.76470588235,140106.0,91640.0,96542.0,112319.43333333333,104441.0,104725.0,108973.0,115405,116085.0,146528.0,149285.0,157559.0,166816.0,108537.0,114856.0,122845.0,130842.0,120995.0,126067,134333.0,142658.0,337930.0,369835.0,379183.0,390931.0,258408.0,280660.0,291534.0,312594.06451612903,,,,,406074.0,423855.0,391142.9117647059,448615.0,316838.0,329895.0,342137.0,349735.0,343935,358427,371876.0,379647.0,457818.0,465233,487791.0,492364.0,360519.0,366036.0,398501.0,430205.93548387097,403474.9090909091,396361.0,426251.0,430435.0,511654.0,524643.0,549033.0,552498.0,418821.0,437987.0,453502.0,454754.0,448508.0,464558.0,483542.0,485920.0,583748.0,598178.0,635708.0,684555.0,470758.0,479006.0,503811.0,541267.0,506355,517723.0,545870.0,585950.0
SUMATERA SELATAN,263734.0,272915.0,275736.0,283334.0,243702.0,254209.0,263912.0,270182.0,250850.0,260885.0,269320.0,286891.4482758621,291341.0,308847.0344827586,313669.0,314491.0,273134.0,278321.0,289522.0,291450.0,279284.0,284680.0,297528,298856.0,318325.0,331698.0,337697.0,338390.0,299598.0,311271.0,321453.0,323914.0,306087.0,318123,327021.0,328710.0,350163.0,397542.25,374346.0,400354.0,335549.0,337702.0,401944.2121212121,423701.875,340567,387619.22580645164,360600.0,379882.0,101603.0,105823.0,112324.0,116824.0,61880.0,65785.0,67658.0,69692.0,76055.0,80073.0,82664.0,86661.0,119191.0,120635.0,124314.0,126557,74386.0,77699.0,85005.0,87600.0,90775.0,93568,99621.0,101928.0,128381.0,129424,131854.0,144946.60606060605,90188.0,94735.0,100198.0,100455.0,104445.0,107685.0,112021,112549.0,135276.0,137422.0,141579.0,148101.0,105866.0,108975.0,114139.0,124901.0,116888.0,119702,124469.0,133642.0,311606.0,328335.0,336962.4375,346238.0,252497.0,270166.0,277509.0,285791.0,,,,,365336.0,378739.0,388060.0,400159.0,337648.86666666664,319994.0,331570.0,339874.0,326905,340958,351984.0,361697.0,410532.0,417828,437983.0,441049.0,347520.0,401420.63333333336,374527.0,430205.93548387097,370059.0,378248.0,397149.0,400785.0,446706.0,461122.0,469551.0,513067.8064516129,445719.3870967742,406006.0,421650.0,424369.0,410532.0,425808.0,439042.0,497433.8181818182,485439.0,491658.0,515925.0,548455.0,441415.0,446678.0,467139.0,493882.0,457455,463251.0,485069.0,513524.0
BENGKULU,288387.0,313872.0,315710.0,335957.0,303059.0,329667.0,333753.0,335624.0,262380.93548387097,324764.0,324851.0,335717.0,350441.0,361375.0,380731.0,388650.0,302241.625,352385.0,356600.0,325649.4375,343868.0,355033.0,363700,326701.1515151515,393835.0,422120.0,423966.0,426542.0,358509.0,369733.0,374440.0,377325.0,369211.0,384886,389613.0,365481.8181818182,449159.0,462886.0,407307.06666666665,508068.0,386776.0,405341.0,416744.0,437286.0,405468,423264.0,435393.0,457885.0,109102.0,111770.0,114862.0,122478.0,69112.0,74513.0,76110.0,91690.0,81523.0,86076.0,91576.0,101468.0,120866.93548387097,129101.0,136223.0,142003,97067.0,97472.0,108824.0,117037.0,103349.74193548386,107735,117725.0,125225.0,144674.0,146663,149257.0,150379.0,123409.0,129890.0,131570.0,132162.0,130449.0,135407.0,137419,138121.0,155110.0,161688.0,167708.0,178155.0,137716.0,142987.0,149208.0,162687.0,143466.0,149191,155362.0,167767.0,328972.0,358294.0,362614.0,378881.0,281468.0,313265.0,325261.0,346395.0,,,,,365476.30303030304,425642.0,430572.0,458435.0,372171.0,404179.0,409863.0,427315.0,380028,410840,416427.0,437185.0,477801.0,490475,449144.8,459224.3548387097,438342.0,449857.0,465424.0,474010.0,403474.9090909091,462768.0,481425.0,492114.0,538508.0,568783.0,573222.0,576921.0,481918.0,499623.0,506010.0,509487.0,499660.0,520293.0,527032.0,530382.0,604269.0,624573.0,647836.0,686223.0,524492.0,548327.0,565952.0,561981.3,548934,572455.0,590755.0,625652.0
LAMPUNG,260892.0,274255.0,279240.0,284222.0,251365.0,264450.0,272168.0,273647.0,253869.0,267028.0,283453.6060606061,276216.0,302761.0,307473.0,321620.0,327530.0,285183.0,286434.0,293926.0,299041.0,289705.0,291600.0,301234,306926.0,335947.0,344994.0,364654.0,367275.0,304512.0,318866.0,333219.0,335769.0,313620.0,326364,342151.0,344944.0,375720.0,392074.0,412358.0,439148.0,347870.0,361365.0,372425.0,392553.0,356329,370907.0,384769.0,406732.0,109948.0,112473.0,113248.0,114155.0,74918.0,81638.0,82510.0,84145.0,84127.0,89744.0,90485.0,92376.0,117466.0,119599.0,122626.0,125522,86711.0,89454.36666666667,92038.0,93160.0,95176.0,98583,101073.0,102954.0,127707.0,132077,136066.0,137055.0,94425.0,97828.0,100624.0,101339.0,104689.0,108311.0,111581,112551.0,140283.0,143059.0,148109.0,156844.0,116392.21875,111553.0,120198.0,130606.0,115110.0,121713,129270.0,139260.0,310464.0,326468.0,336927.0,350024.0,265105.0,284504.0,295931.0,307818.0,,,,,370839.0,386728.0,392488.0,398378.0,326283.0,346088.0,354678.0,357792.0,337996,356772,364922.0,368592.0,420227.0,427072,444246.0,453053.0,371894.0,377049.0,385965.0,392201.0,384881.0,390183.0,402307.0,409880.0,463654.0,477071.0,500720.0,504330.0,398937.0,416694.0,433843.0,437107.0,418309.0,434675.0,453732.0,457495.0,516003.0,535133.0,560467.0,595992.0,451211.0,472918.0,492623.0,523159.0,471439,492620.0,514039.0,545992.0
KEP. BANGKA BELITUNG,330178.0,362214.0,275216.8823529412,387559.0,375657.0,406405.0,409399.0,427177.0,353260.0,384643.0,388454.0,407858.0,400464.0,421894.0,442588.0,469429.0,449106.0,464559.0,472431.0,495542.0,424845.0,441580.0,457834,482102.0,480596.0,504235.0,507398.0,511872.0,507100.0,541062.0,543077.0,546174.0,492693.0,521298,524371.0,528771.0,525236.0,538158.0,561881.0,605177.0,372772.96774193546,576533.0,600254.0,641806.0,544017,555279.0,579537.0,622068.0,145300.0,154621.0,155835.0,166122.0,125875.0,136327.0,137599.0,146405.0,135441.0,145336.0,145776.0,156533.0,120866.93548387097,121623.34375,180347.0,186718,153836.0,89454.36666666667,165869.0,176561.0,162685.0,166347,173633.0,182017.0,135317.90625,200912,203236.0,204588.0,178334.0,103885.40625,189493.0,190676.0,185024.0,193549.0,197084,198343.0,212698.0,215609.0,223107.0,231249.0,202340.0,214613.0,220289.0,231037.0,208186.0,215178,221901.0,231158.0,390488.0,416935.0,439377.0,458055.0,409901.0,293152.3125,448817.0,481226.0,,,,,475478.0,516835.0,521773.0,553681.0,501532.0,542732.0,546998.0,369049.0333333333,488701,529979,534230.0,564391.0,571229.0,595031,622935.0,656148.0,602942.0,623111.0,638300.0,672104.0,587530.0,607927.0,631467.0,664120.0,671054.0,705147.0,710634.0,716460.0,685433.0,725743.0,466396.6451612903,736850.0,677717.0,714847.0,721455.0,727114.0,737934.0,753768.0,784988.0,836425.0,768414.0,791146.0,820543.0,872843.0,752203,770457.0,801438.0,853226.0
KEP. RIAU,298998.0,318580.0,326014.0,334582.0,316511.0,343566.0,353153.0,291649.6060606061,262380.93548387097,322677.0,330442.0,339924.0,340729.0,357478.0,373829.0,376276.0,375168.0,387266.0,396882.0,405549.0,346267.0,362339.0,377389,379602.0,393859.0,397193.0,406556.0,408172.0,412190.0,429322.0,442464.0,444217.0,337591.84375,400070,362916.1212121212,410811.0,426912.0,429830.0,453563.0,486016.0,458274.0,467527.0,496488.0,525085.0,429298,432804.0,458362.0,491238.0,155149.0,166916.0,168404.0,171398.0,104127.0,113367.0,113836.0,115276.0,146782.0,158135.0,159715.0,162729.0,175688.0,182583.0,190164.0,194632,117473.0,120529.0,131906.0,137637.0,166969.0,173687,181902.0,188369.0,204035.0,208017,210186.0,211289.0,144058.0,147937.0,152786.0,153682.0,198052.0,201968.0,204502,206721.0,217689.0,225676.0,233682.0,247232.0,156472.0,159285.0,162820.0,172647.0,213127.0,221050,225707.0,239224.0,383332.0,405578.0,421733.0,431127.0,326819.0,364773.0,385071.0,399063.0,,,,,454147.0,485496.0,494418.0,505980.0,420638.0,456933.0,466989.0,481687.0,448652,480812,490157.0,502653.0,516418.0,540062,563993.0,570910.0,492642.0,507795.0,528788.0,543187.0,513236.0,536026.0,559291.0,567972.0,597894.0,605210.0,616743.0,513067.8064516129,556248.0,577259.0,595249.0,597899.0,594059.0,602038.0,614727.0,617532.0,644601.0,655506.0,687245.0,733248.0,614746.0,626811.0,659308.0,697732.0,642425,653854.0,684069.0,730462.0
DKI JAKARTA,319595.0,327678.0,329644.0,334938.0,266264.7878787879,275124.0967741936,287316.1515151515,291649.6060606061,319595.0,327678.0,329644.0,334938.0,347382.0,383192.0,394158.0,408790.0,302241.625,307069.3939393939,321968.78125,325649.4375,347382.0,383192.0,394158,408790.0,429915.0,451918.0,466156.0,467847.0,338706.1212121212,351876.4375,358278.96774193546,363499.67647058825,337591.84375,451918,466156.0,467847.0,479332.0,490918.0,508239.0,534819.0,372772.96774193546,384677.0,401944.2121212121,423701.875,479332,490918.0,508239.0,534819.0,167793.0,175361.0,180715.0,185752.0,75669.21875,80060.875,82889.46875,84715.56666666667,167793.0,175361.0,180715.0,185752.0,189163.0,195054.0,198949.0,198987,89221.74193548386,89454.36666666667,96030.34375,98872.48484848485,189163.0,195054,198949.0,198987.0,207345.0,211437,214245.0,215491.0,102005.58064516129,103885.40625,112319.43333333333,114210.74193548386,207345.0,211437.0,214245,215491.0,218306.0,224134.0,230716.0,238551.0,116392.21875,120602.33333333333,125233.39393939394,134341.67741935485,218306.0,224134,230716.0,238551.0,407437.0,434322.0,447797.0,459560.0,268559.1666666667,434322.0,304420.6451612903,312594.06451612903,,,,,487388.0,503038.0,510359.0,520690.0,337648.86666666664,360935.32258064515,368300.4516129032,369049.0333333333,487388,503039,510359.0,520690.0,536546.0,578247,593108.0,459224.3548387097,388259.96875,401420.63333333336,413154.0,430205.93548387097,536545.0,578246.0,593107.0,607778.0,637260.0,663355.0,680401.0,683339.0,445719.3870967742,460466.625,466396.6451612903,475733.1212121212,637260.0,663355.0,680401.0,683338.0,697638.0,715052.0,738955.0,773370.0,486128.0967741936,511958.75,525804.4117647059,561981.3,697638,715052.0,738955.0,773370.0
JAWA BARAT,213479.0,223843.0,228191.0,233953.0,231259.0,241132.0,246605.0,250274.0,219290.0,229494.0,234108.0,238945.0,244750.0,250654.0,263583.0,266339.0,257238.0,265183.0,274016.0,276660.0,248505.0,254799.0,266531,269064.0,280844.0,291607.0,299959.0,303465.0,284171.0,295872.0,307253.0,312563.0,337591.84375,292718,301806.0,305687.0,313015.0,321499.0,331420.0,353253.0,319590.0,330150.0,343615.0,361697.0,314572,323525.0,334224.0,355172.0,94009.0,94454.0,96826.0,98192.0,74358.0,78096.0,78332.0,80963.0,87586.0,89107.0,90884.0,93174.0,100400.0,104212.0,105097.0,105920,84444.0,87921.0,90136.0,91144.0,95922.0,99879,101223.0,102311.0,108134.0,110647,112943.0,113234.0,92689.0,95137.0,112319.43333333333,114210.74193548386,104505.0,107014.0,109182,109994.0,115817.0,117143.0,121232.0,127531.0,102167.0,102892.0,107690.0,116273.0,112830.0,114079,118356.0,125178.0,258538.0,281189.0,336962.4375,294700.0,240945.0,268251.0,277645.0,285076.0,,,,,307487.0,318297.0,325017.0,332145.0,305618.0,319228.0,324937.0,331237.0,306876,318601,324992.0,332119.0,345151.0,354866,449144.8,372260.0,341682.0,353103.0,364151.0,367805.0,344427.0,354678.0,367754.0,445733.6060606061,388979.0,402254.0,412902.0,416699.0,445719.3870967742,460466.625,404091.0,411342.0,386198.0,399732.0,410988.0,415681.0,533656.5454545454,438642.0,452653.0,480785.0,421757.0,433041.0,451305.0,477969.0,427402,437604.0,452580.0,587841.303030303
JAWA TENGAH,210932.0,218935.0,224987.0,231212.0,221840.0,232942.0,237901.0,241079.0,216823.0,226501.0,231673.0,236403.0,240655.0,244264.0,254959.0,259615.0,248154.0,252711.0,259564.0,265809.0,244606.0,248612.0,257293,262772.0,270631.0,284099.0,295446.0,297510.0,273501.0,282349.0,292760.0,295899.0,272080.0,283217,294095.0,296697.0,307367.0,316590.0,328539.0,440577.7419354839,302894.0,318487.0,330526.0,348420.0,305149,387619.22580645164,329511.0,349523.0,88079.0,89228.0,90282.0,91586.0,75025.0,77352.0,81287.0,81410.0,81028.0,82814.0,85675.0,86345.0,93866.0,95428.0,98281.0,99910,83518.0,84946.0,88642.0,89496.0,88618.0,90203,93582.0,94827.0,102252.0,103546,106325.0,106941.0,92106.0,93750.0,96035.0,96317.0,97305.0,98776.0,101313,101781.0,109458.0,110509.0,113940.0,119009.0,98245.0,100578.0,104259.0,111294.0,133146.54545454544,105745,109322.0,115356.0,254800.0,268397.0,279036.0,345928.15625,235202.0,256368.0,304420.6451612903,277802.0,,,,,299011.0,308163.0,315269.0,322799.0,296864.0,310295.0,319188.0,322489.0,297851,309315,317348.0,322748.0,334522.0,339692,353240.0,359526.0,331673.0,337657.0,348206.0,430205.93548387097,333224.0,338815.0,350875.0,357599.0,479680.0,387646.0,401771.0,404451.0,365607.0,460466.625,388796.0,392216.0,369385.0,381993.0,395408.0,398478.0,416825.0,427099.0,442479.0,469623.0,401139.0,419064.0,434785.0,459714.0,409193,423264.0,438833.0,464879.0
DI YOGYAKARTA,238042.0,249320.0,254284.0,257677.0,236342.0,241725.0,246960.0,250244.0,237473.0,246776.0,252284.0,255304.0,270924.0,290650.0,301252.0,305494.0,260248.0,262952.0,270706.0,271414.0,267500.0,282639.0,292472,296077.0,323635.0,338723.0,350055.0,350253.0,279124.0,286565.0,296144.0,296654.0,310947.0,322999,334461.0,335262.0,366206.0,370047.0,392290.0,412821.0,304443.0,325101.0,338551.0,352689.0,350057,358285.0,378902.0,398363.0,109745.0,110150.0,110502.0,112832.0,75669.21875,82662.0,84348.0,86986.0,98413.0,100945.0,101800.0,104865.0,114383.0,122981.0,125328.0,126522,87813.0,89909.0,95550.0,98191.0,106508.0,113632,117272.0,118822.0,128992.0,133943,137118.0,138208.0,99749.0,106183.0,107028.0,107382.0,121079.0,126486.0,129019,130166.0,140801.0,147305.0,157963.28125,161094.0,109797.0,113311.0,117032.0,128078.0,132798.0,138620,142770.0,152979.0,297391.0,317925.0,327273.0,333561.0,256558.0,275786.0,286137.0,296429.0,,,,,347787.0,359470.0,364786.0,370510.0,312249.0,324386.0,331308.0,337230.0,335886,347721,354084.0,360169.0,385308.0,413631,426580.0,432018.0,348061.0,352861.0,366256.0,369606.0,374008.0,396271.0,409744.0,414899.0,452628.0,472666.0,487173.0,488461.0,378873.0,392748.0,403173.0,404035.0,432026.0,449485.0,463480.0,465428.0,507007.0,517353.0,543821.0,573915.0,414240.0,438412.0,455583.0,480767.0,482855,496905.0,521672.0,551342.0
JAWA TIMUR,216139.0,222168.0,225900.0,233472.0,230565.0,240911.0,243840.0,246687.0,223641.0,231914.0,236455.0,240180.0,246077.0,272645.0,282265.0,296061.0,255319.0,260752.0,272436.0,279054.0,250804.0,266469.0,277349,287852.0,305759.0,310555.0,317234.0,317483.0,290587.0,294266.0,306255.0,309418.0,298341.0,302757,311891.0,313653.0,328596.0,344429.0,354405.0,374630.0,316010.0,327215.0,341452.0,361913.0,322671,336315.0,348399.0,368771.0,88779.0,92152.0,93762.0,95769.0,74839.0,77532.0,79939.0,82159.0,81530.0,84549.0,85307.0,88992.0,98086.0,99941.0,102744.0,103272,84218.0,87245.0,89057.0,89738.0,91287.0,93833,96225.0,96897.0,105971.0,108014,110942.0,111109.0,91740.0,93809.0,96247.0,96788.0,119200.75757575757,101415.0,104110,104574.0,113113.0,115011.0,118612.0,125139.0,98419.0,101242.0,104924.0,111568.0,106462.0,108825,112510.0,119136.0,265203.0,278653.0,287582.0,293391.0,250530.0,269294.0,278429.0,286798.0,,,,,304918.0,314320.0,319662.0,329241.0,305404.0,318443.0,323779.0,328846.0,305171,316463,388934.3103448276,329172.0,344164.0,372585,385009.0,399334.0,388259.96875,347997.0,361493.0,368793.0,342091.0,360302.0,373574.0,384750.0,411731.0,418570.0,428175.0,428593.0,382327.0,388075.0,402503.0,406206.0,397687.0,479007.14705882355,416001.0,418227.0,441709.0,459440.0,473017.0,499769.0,414429.0,428457.0,446375.0,473481.0,429133,445140.0,460909.0,587841.303030303
BANTEN,235211.0,248503.0,256536.0,261285.0,266264.7878787879,254860.0,262861.0,264755.0,237129.0,250522.0,261057.0,262442.0,271750.0,292643.0,316089.0,331095.0,274157.0,279609.0,321968.78125,301349.0,272551.0,288655.0,308915,322255.0,344073.0,358473.0,374474.0,376950.0,304403.0,323479.0,342546.0,355550.0,331601.0,347368,364725.0,370293.0,390893.0,405526.0,407307.06666666665,444996.0,364081.0,369466.0,387733.0,400849.0,382584,395258.0,412182.0,433368.0,109643.0,113120.58064516129,120516.0,121618.0,77247.0,81732.0,84904.0,84715.56666666667,99354.0,105914.0,97005.61764705883,110923.0,124857.0,128495.0,132429.0,137476,89431.0,93430.0,96862.0,104616.0,103349.74193548386,118333,122153.0,127852.0,140545.0,148725,153303.0,155147.0,107604.0,110445.0,118175.0,118937.0,131126.0,137728.0,143367,144818.0,158218.0,161474.0,166426.0,172532.0,121444.0,127748.0,133579.0,134341.67741935485,133146.54545454544,152225,158185.0,165380.0,273828.0,300109.0,315239.0,324902.0,242331.0,264632.0,281925.0,296241.0,,,,,344855.0,365672.0,377052.0,382903.0,318497.0,336592.0,347765.0,351708.0,336483,356436,367949.0,373365.0,396608.0,421137,448518.0,468572.0,363588.0,401420.63333333336,390309.0,405965.0,386752.0,406988.0,431068.0,445733.6060606061,484618.0,495289.7878787879,527777.0,532096.0,412007.0,433925.0,460721.0,474487.0,462727.0,485096.0,508092.0,515111.0,549111.0,567000.0,573399.8181818182,617527.0,485525.0,497213.0,521311.0,544957.0,530363,547483.0,552748.0909090909,598748.0
BALI,226679.0,231680.0,237835.0,242429.0,214350.0,222166.0,230108.0,233243.0,221931.0,228017.0,234393.0,238822.0,252294.0,252299.0,263613.0,268910.0,245927.0,251306.0,264685.0,267058.0,301366.1612903226,251921.0,263995,268274.0,278769.0,357538.8787878788,307459.0,374422.65625,269879.0,271679.0,358278.96774193546,284541.0,275834.0,285920,298945.0,302154.0,321245.0,325747.0,407307.06666666665,367036.0,291311.0,302550.0,318169.0,334827.0,312020,319095.0,338417.0,357640.0,106320.0,109874.0,112977.7741935484,114998.0,89655.0,92052.0,92552.0,94790.0,90238.9705882353,103011.0,104574.0,107576.0,118321.0,118820.0,123953.0,125078,99414.0,99519.0,108143.0,109674.0,111504.0,112143,118604.0,115039.25806451614,130026.0,131942,135611.0,141701.0,102005.58064516129,115867.0,120391.0,122774.0,119200.75757575757,126986.0,130889,136013.0,145944.0,148574.0,152669.0,163784.0,116392.21875,127328.0,131527.0,141203.0,140201.0,142437,146604.0,151527.875,287551.0,298449.0,310321.0,316235.0,249446.0,261613.0,304420.6451612903,279140.0,,,,,332999.0,341554.0,348571.0,357427.0,304005.0,314218.0,322660.0,328033.0,321834,331028,338967.0,346398.0,370615.0,371118,387566.0,459224.3548387097,345342.0,350826.0,372828.0,376733.0,361387.0,364064.0,382599.0,388451.0,408795.0,424292.0,443070.0,451634.0,383118.0,387546.0,466396.6451612903,407316.0,400624.0,412906.0,429834.0,438167.0,467189.0,474322.0,499572.0,530820.0,417722.0,429877.0,449697.0,476031.0,452221,461532.0,485021.0,515038.0
NUSA TENGGARA BARAT,238797.0,244162.0,251734.0,252343.0,232281.0,238879.0,249490.0,249501.0,235036.0,241112.0,250371.0,250737.0,259057.0,267116.0,279003.0,284496.0,255797.0,260052.0,271987.0,272119.0,257263.0,263301.0,275124,277943.0,294223.0,301167.0,312088.0,314001.0,280269.0,285008.0,293862.0,296269.0,286871.0,292522,302545.0,304982.0,325304.0,397542.25,349371.0,373497.0,311567.0,320916.0,336060.0,361266.0,318425,328699.0,342789.0,367535.0,89328.0,113120.58064516129,91846.0,94237.0,71786.0,80060.875,77166.0,79274.0,79202.0,81577.0,83624.0,100342.06451612903,120866.93548387097,96581.0,98141.0,99982,81535.0,83335.0,84374.0,91635.0,88078.0,89389,90777.0,95622.0,102473.0,103921,105643.0,105923.0,102005.58064516129,95683.0,112319.43333333333,100231.0,98009.0,99662.0,102397,103023.0,109147.0,153125.38235294117,121061.0,128090.0,101079.0,109465.0,112906.0,116558.0,105080.0,113012,117038.0,122419.0,286020.0,299886.0,307147.0,315470.0,243620.0,263107.0,274136.0,285205.0,,,,,328125.0,335284.0,343580.0,346581.0,304068.0,360935.32258064515,326656.0,369049.0333333333,314238,322689,333995.0,392059.42424242425,355250.0,363697,377145.0,384479.0,337333.0,343387.0,356361.0,363755.0,345341.0,352690.0,365901.0,373566.0,396696.0,405087.0,417730.0,419924.0,374123.0,380691.0,466396.6451612903,396500.0,384880.0,392184.0,404942.0,408005.0,434451.0,452855.0,470431.0,607293.6470588235,486128.0967741936,430381.0,448965.0,477824.0,423505,441711.0,459827.0,489954.0
NUSA TENGGARA TIMUR,260406.0,265296.0,275382.0,277266.0,232460.0,240102.0,252012.0,254257.0,262380.93548387097,245160.0,256245.0,258985.0,290711.0,308847.0344827586,299104.0,301642.0,268003.0,268253.0,273466.0,275681.0,272537.0,273325.0,278911,281069.0,317432.0,337056.0,357134.0,374422.65625,285352.0,289037.0,305029.0,305413.0,292305.0,299476,316130.0,316659.0,367201.0,385169.0,402228.0,440577.7419354839,372772.96774193546,333436.0,344813.0,366047.0,324545,344666.0,358224.0,380566.0,104514.0,109059.0,110757.0,112395.0,48561.0,50261.0,54709.0,56039.0,59793.0,62064.0,66702.0,68018.0,116262.0,117333.0,119421.0,120212,58316.0,60883.0,63119.0,66622.0,70859.0,73412,75987.0,115039.25806451614,124193.0,130258,137255.0,138027.0,68332.0,69974.0,71183.0,71833.0,81617.0,125809.42424242424,86875,88053.0,141383.0,146024.0,156513.0,170478.0,73829.0,75333.0,84266.0,89496.0,90571.0,92941,102599.0,110343.0,308059.0,321163.0,337367.0,340459.0,217918.0,234141.0,248606.0,251040.0,,,,,364920.0,374355.0,386139.0,402562.57575757575,281022.0,290363.0,306721.0,310296.0,297863,307224,388934.3103448276,327003.0,406973.0,409382,418525.0,421855.0,326320.0,329136.0,336584.0,342303.0,343396.0,346737.0,354898.0,360069.0,441625.0,467314.0,494388.0,496191.0,353684.0,359011.0,376212.0,377246.0,373922.0,383762.0,494063.0588235294,404712.0,508584.0,531194.0,558741.0,594016.0,385970.0,511958.75,429079.0,455543.0,415116,437607.0,460823.0,490909.0
KALIMANTAN BARAT,250029.0,259948.0,265291.0,275590.0,257337.0,271176.0,277422.0,289535.0,255104.0,267745.0,275121.0,286891.4482758621,286049.0,305430.0,323125.0,331134.0,302069.0,315188.0,320747.0,325649.4375,297455.0,312222.0,321481,328114.0,348116.0,366155.0,379108.0,382408.0,337213.0,345098.0,351955.0,353089.0,340782.0,351667,361075.0,362874.0,388798.0,407296.0,418006.0,445660.0,360819.0,384677.0,387226.0,407998.0,370423,387342.0,397561.0,421139.0,84546.0,87567.0,87852.0,90887.0,61456.0,66112.0,68058.0,71406.0,68511.0,72668.0,72760.0,77489.0,93137.0,96157.0,100003.0,103335,73552.0,79124.0,81602.0,87098.0,79764.0,84620,87805.0,92716.0,108409.0,110999,121023.0,122037.0,92007.0,95986.0,104237.0,114210.74193548386,97773.0,101232.0,110125,129467.61764705883,124543.0,133177.0,140781.0,146772.0,106543.0,120602.33333333333,112823.0,121058.0,113031.0,117885,123099.0,130528.0,263058.0,280423.0,291533.0,307789.0,242321.0,265898.0,279049.0,294044.0,,,,,334575.0,347516.0,353143.0,366477.0,318792.0,337288.0,345480.0,360940.0,323615,340413,347881.0,363026.0,379187.0,401588,423128.0,434470.0,375621.0,394313.0,402349.0,413806.0,377219.0,396842.0,409286.0,420831.0,456525.0,477154.0,500131.0,504445.0,429220.0,441084.0,456192.0,458524.0,438555.0,452899.0,471200.0,474259.0,513341.0,540474.0,558787.0,592432.0,467362.0,486544.0,500049.0,529055.0,483454,505227.0,520660.0,551667.0
KALIMANTAN TENGAH,251976.0,256020.0,264149.0,271490.0,296856.0,306475.0,316546.0,320315.0,281506.0,289219.0,299485.0,303541.0,298706.3333333333,286272.0,290898.0,305217.0,338235.0,342574.0,347960.0,356962.0,301366.1612903226,325133.0,328127,338032.0,317184.0,337107.0,358205.0,362579.0,363433.0,376076.0,397192.0,402086.0,346454.0,361419,382954.0,387865.0,371472.0,374314.0,392777.0,416222.0,412878.0,429419.0,451136.0,478269.0,396514,407871.0,426914.0,453342.0,76698.0,83219.0,112977.7741935484,85734.0,63814.0,68463.0,70656.0,72228.0,68220.0,73510.0,73999.0,76983.0,90018.0,92039.0,96241.0,98329,75766.0,76287.0,78636.0,83686.0,80900.0,81703,113105.96875,115039.25806451614,100845.0,106567,113479.0,116294.0,85750.0,88855.0,112319.43333333333,96873.0,91794.0,95993.0,102680,104754.0,122681.0,125240.0,132451.0,140978.0,101865.0,107716.0,114225.0,124756.0,110468.0,115008,121903.0,131597.0,301874.77419354836,299970.0,307382.0,316683.0,298172.0,311647.0,323556.0,338130.0,,,,,328674.0,339239.0,348254.0,357224.0,360670.0,374938.0,387202.0,392543.0,349726,362729,388934.3103448276,380524.0,373219.0,378311,387139.0,403547.0,414002.0,418861.0,426596.0,440649.0,401536.0,406836.0,413528.0,427494.0,418029.0,443674.0,471684.0,478873.0,449184.0,464931.0,492603.0,498959.0,438248.0,457412.0,485634.0,492619.0,494153.0,499553.0,525228.0,557200.0,514743.0,537135.0,565361.0,603025.0,506982,522879.0,548817.0,584939.0
KALIMANTAN SELATAN,229677.0,235422.0,248602.0,257170.0,255023.0,271860.0,286982.0,294159.0,244281.0,256417.0,270862.0,278536.0,268327.0,282483.0,288601.0,294677.0,302037.0,309046.0,313712.0,323191.0,287959.0,297743.0,302854,310496.0,312945.0,322321.0,337851.0,341730.0,335341.0,354054.0,370662.0,374563.0,325590.0,340430,355813.0,360394.0,356053.0,362027.0,379337.0,440577.7419354839,384188.0,389770.0,411135.0,431084.0,371204,376894.0,396308.0,415976.0,124426.0,136370.0,137860.0,141992.0,76943.0,81112.0,83630.0,86488.0,97068.0,104532.0,106618.0,110736.0,144125.0,152307.0,152617.0,153198,91060.0,98337.0,100783.0,101478.0,114464.0,122231,124920.0,125666.0,157348.0,161445,165897.0,167122.0,108587.0,116394.0,119592.0,121152.0,131631.0,137693.0,141449,143292.0,171187.0,174014.0,180716.0,189362.0,126184.0,127523.0,133660.0,141833.0,147946.0,150151,156765.0,165254.0,298518.0,313691.0,322006.0,336782.0,272614.0,290576.0,298656.0,313954.0,,,,,354103.0,371793.0,386462.0,399162.0,331966.0,352972.0,370612.0,380647.0,341349,360949,377480.0,389272.0,412452.0,434791,441218.0,447876.0,393097.0,407382.0,414494.0,424670.0,402423.0,419974.0,427774.0,436162.0,470293.0,483766.0,503748.0,508852.0,443928.0,470447.0,490254.0,495715.0,457221.0,478123.0,497262.0,503686.0,527240.0,536041.0,560053.0,588472.0,486128.0967741936,517293.0,544795.0,572917.0,519150,527045.0,553073.0,581230.0
KALIMANTAN TIMUR,337970.0,348480.0,359194.0,370609.0,333612.0,275124.0967741936,364879.0,375619.0,336356.0,348524.0,363918.0,286891.4482758621,387723.0,391088.0,394601.0,411445.0,391851.0,410491.0,424731.0,435063.0,389151.0,398030.0,405108,419549.0,422701.0,437601.0,453545.0,462661.0,441376.0,465407.0,358278.96774193546,486520.0,429165.0,446840,463823.0,470589.0,479168.0,488748.0,507661.0,541868.0,498601.0,509282.0,526674.0,556626.0,485445,387619.22580645164,513874.0,546669.0,147917.0,156071.0,112977.7741935484,164529.0,119387.0,128016.0,131096.0,134422.0,137353.0,145683.0,147287.0,154269.0,168156.0,173713.0,181664.0,190174,140868.0,144007.0,145280.0,154524.0,158943.0,163838,169596.0,178650.0,191520.0,205447,212425.0,212738.0,156075.0,162946.0,169485.0,169549.0,179991.0,191850.0,198479,199033.0,216656.0,218138.0,224534.0,230245.0,175035.0,183628.0,191875.0,201939.0,203590.0,207438,214334.0,221451.0,301874.77419354836,435313.0,448220.0,459004.0,349935.0,389784.0,404554.0,312594.06451612903,,,,,485887.0,504551.0,519653.0,535137.0,337648.86666666664,476614.0,495975.0,510041.0,473709,494207,511205.0,526686.0,555880.0,564801,576265.0,601619.0,388259.96875,401420.63333333336,570012.0,589588.0,548094.0,415377.36363636365,574704.0,598200.0,614221.0,643047.0,665970.0,675399.0,597451.0,628354.0,652620.0,656069.0,609156.0,638690.0,662302.0,669622.0,695824.0,706886.0,732195.0,772112.0,486128.0967741936,692910.0,718550.0,758565.0,689035,703223.0,728208.0,768120.0
KALIMANTAN UTARA,342729.0,355117.0,367378.0,379442.0,339904.0,351534.0,372825.0,386598.0,341484.0,353538.0,367944.0,286891.4482758621,396530.0,423315.0,432127.0,471678.0,400086.0,307069.3939393939,413858.0,430969.0,398122.0,418003.0,423796,454542.0,337950.0882352941,514485.0,526226.0,532518.0,453445.0,453992.0,460249.0,471012.0,478280.0,488970,499050.0,508699.0,378515.0606060606,556182.0,591239.0,616790.0,484174.0,496468.0,525335.0,548026.0,522517,531302.0,566292.0,590192.0,146400.0,150144.0,112977.7741935484,160057.0,118587.0,126110.0,127155.0,84715.56666666667,134137.0,139548.0,145670.0,100342.06451612903,166407.0,172487.0,172564.0,175652,137160.0,143692.0,147823.0,150711.0,153917.0,160302,162252.0,115039.25806451614,183982.0,184597,188266.0,190960.0,156288.0,169923.0,172338.0,178749.0,173136.0,178863.0,181985,186264.0,192586.0,205658.0,213278.0,217984.0,181789.0,188114.0,194647.0,202380.0,188477.0,199041,206622.0,212374.0,301874.77419354836,320886.5625,336962.4375,345928.15625,268559.1666666667,293152.3125,304420.6451612903,312594.06451612903,,,,,489129.0,505262.0,523914.0,539499.0,458490.0,477645.0,499980.0,518305.0,475621,493086,513614.0,530566.0,415816.8484848485,595802,604691.0,647330.0,537246.0,554548.0,561681.0,581681.0,552039.0,578305.0,586048.0,620500.0,679660.0,699082.0,714492.0,723478.0,609733.0,623915.0,632586.0,649761.0,651416.0,667833.0,681035.0,694963.0,739267.0,761840.0,804517.0,834774.0,665963.0,684582.0,719982.0,750406.0,710994,730343.0,772914.0,802566.0
SULAWESI UTARA,217995.0,224280.0,232497.0,234016.0,240942.0,249892.0,255577.0,255908.0,230475.0,238209.0,246007.0,246173.0,298706.3333333333,246744.0,253610.0,263853.0,267177.0,270008.0,276149.0,286801.0,301366.1612903226,259010.0,265096,275123.0,277347.0,283576.0,300906.0,306074.0,295007.0,297736.0,301162.0,307159.0,286215.0,290623,301032.0,306583.0,319561.0,326632.0,336174.0,357703.0,316222.0,320933.0,327019.0,348939.0,317970,323997.0,331904.0,353727.0,72825.0,78098.0,79831.0,79988.0,58235.0,61176.0,66408.0,66457.0,64890.0,68895.0,71471.0,100342.06451612903,83126.0,85186.0,86738.0,88912,69659.0,89454.36666666667,96030.34375,74105.0,76021.0,77393,113105.96875,81782.0,135317.90625,94021,95077.0,96428.0,77187.0,84147.0,84796.0,85659.0,85067.0,89301.0,90165,91444.0,96597.0,96796.0,97296.0,103035.0,88413.0,90517.0,92570.0,97931.0,92835.0,93933,143692.81818181818,100742.0,242840.0,255566.0,265093.0,269212.0,268559.1666666667,293152.3125,257845.0,264321.0,,,,,290820.0,302378.0,312328.0,314004.0,299177.0,311068.0,321985.0,322366.0,295365,307104,317478.0,318984.0,415816.8484848485,331931,449144.8,352765.0,336837.0,340146.0,348023.0,360907.0,333510.0,415377.36363636365,344418.0,356906.0,369608.0,377597.0,395983.0,402502.0,372194.0,381883.0,385957.0,392818.0,371282.0,379924.0,391197.0,398027.0,416158.0,423427.0,573399.8181818182,460738.0,404635.0,411450.0,419589.0,446871.0,410805,417930.0,427016.0,454469.0
SULAWESI TENGAH,249419.0,264458.0,275962.0,281450.0,261524.0,275124.0967741936,291258.0,294686.0,262380.93548387097,275518.9117647059,289910.0,291528.0,295576.0,308847.0344827586,309458.0,311845.0,297929.0,312051.0,314521.0,326791.0,297375.0,309932.9117647059,313190,322860.0,326695.0,349776.0,354798.0,374422.65625,340726.0,360828.0,366541.0,375369.0,336739.0,357664,363287.0,370310.0,367691.0,373960.0,388768.0,412305.0,386603.0,391001.0,410179.0,427956.0,380991,385989.0,404034.0,431552.0588235294,108979.0,112038.0,115108.0,117962.0,70332.0,75894.0,82889.46875,81972.0,79923.0,84865.0,85749.0,91246.0,120877.0,122686.0,124955.0,125852,85168.0,88588.0,96030.34375,91243.0,94388.0,97377,100595.0,101178.0,130498.0,131660,135083.0,136249.0,93145.0,99359.0,101230.0,103319.0,104297.0,108863.0,111340,113352.0,138692.0,142414.0,149250.0,153690.0,105631.0,109351.0,115486.0,124605.0,115881.0,119619,126217.0,133793.0,298646.0,324072.0,336900.0,349978.0,265582.0,293567.0,303975.0,321009.0,,,,,358399.0,376496.0,391070.0,399413.0,331855.0,353080.0,370392.0,376658.0,338443,358892,375659.0,382774.0,416453.0,430728,434414.0,437697.0,383097.0,400639.0,405707.0,418035.0,391763.0,408522.0,413785.0,424039.0,457193.0,495289.7878787879,489881.0,492758.0,433870.0,460187.0,467770.0,478687.0,441036.0,466527.0,474627.0,483662.0,506383.0,516374.0,538018.0,565994.0,492234.0,500351.0,525665.0,552561.0,496872,505608.0,530251.0,557183.0
SULAWESI SELATAN,181842.0,186893.0,193372.0,196645.0,190563.0,201779.0,209095.0,210928.0,187304.0,196217.0,203918.0,205767.0,204192.0,209432.0,218173.0,230867.0,215790.0,226047.0,236336.0,240452.0,211452.0,219551.0,229289,236638.0,238425.0,251107.0,257455.0,265149.0,254134.0,260579.0,268024.0,275659.0,247704.0,256826,263690.0,271199.0,276910.0,286095.0,298268.0,316179.0,281013.0,288566.0,300359.0,316911.0,279240,287467.0,299433.0,316597.0,80321.0,113120.58064516129,88304.0,90023.0,49612.0,52745.0,54579.0,84715.56666666667,61087.0,65637.0,66683.0,69594.0,92452.0,121623.34375,128084.96875,96857,89221.74193548386,61741.0,63581.0,65796.0,72009.0,74807,77256.0,79099.0,100572.0,103663,105906.0,110314.0,68088.0,70484.0,71719.0,75132.0,82176.0,125809.42424242424,86574,90832.0,112894.0,117656.0,120903.0,127538.0,77317.0,79900.0,83054.0,134341.67741935485,93251.0,96988,100322.0,106355.0,221892.0,235488.0,240276.0,246416.0,192161.0,207023.0,211271.0,219109.0,,,,,262163.0,274140.0,281676.0,286669.0,240175.0,254524.0,263674.0,267428.0,248391,261854,388934.3103448276,275361.0,296644.0,303834,314549.0,327725.0,274434.0,287788.0,299917.0,306250.0,283461.0,294358.0,306545.0,315737.0,338997.0,354770.0,363361.0,375463.0,445719.3870967742,331063.0,339743.0,350791.0,329880.0,341555.0,350264.0,362031.0,389804.0,560334.6451612903,419172.0,443717.0,358330.0,368465.0,383414.0,561981.3,372491,384455.0,399755.0,422952.0
SULAWESI TENGGARA,190438.0,200424.0,205281.0,209281.0,196016.0,204787.0,212249.0,215718.0,194409.0,203530.0,210619.0,286891.4482758621,211529.0,218461.0,220497.0,232433.0,217357.0,227757.0,230677.0,240343.0,215619.0,224360.0,226889,237715.0,242594.0,255355.0,264082.0,274804.0,338706.1212121212,262555.0,271154.0,276410.0,245761.0,259888,268511.0,275884.0,281207.0,293509.0,301800.0,324704.0,284561.0,297786.0,305321.0,327126.0,283400,296298.0,304126.0,326264.0,79264.0,81806.0,84546.0,85004.0,56620.0,59583.0,82889.46875,61261.0,63144.0,65986.0,66669.0,68243.0,120866.93548387097,90163.0,90744.0,91842,62382.0,67739.0,68026.0,71248.0,69990.0,75898,76729.0,79013.0,94284.0,100880,101982.0,109035.0,73510.0,77510.0,78865.0,83714.0,81641.0,86578.0,87933,92645.0,112976.0,116823.0,157963.28125,126476.0,85263.0,88060.0,89413.0,94558.0,95189.0,98446,100011.0,151527.875,215910.0,240089.0,241921.0,254015.0,200058.0,221905.0,226220.0,238745.0,,,,,269703.0,385512.17647058825,289827.0,294286.0,252636.0,360935.32258064515,271961.0,276978.0,257553,269516,277288.0,282161.0,297829.0,308624,311241.0,324276.0,279739.0,295496.0,298702.0,311592.0,285609.0,300258.0,303618.0,316729.0,336877.0,356235.0,366063.0,383839.0,321197.0,340065.0,350019.0,360123.0,327402.0,346466.0,356444.0,368529.0,394183.0,560334.6451612903,420442.0,451180.0,369824.0,385845.0,394734.0,421684.0,378589,394744.0,552748.0909090909,432464.0
ACEH,191995.0,201515.0,209232.0,211756.0,207980.0,216687.0,224958.0,226546.0,202433.0,211422.0,219469.0,221772.0,221124.0,233999.0,237890.0,246148.0,233542.0,242180.0,321968.78125,255886.0,229465.0,239329.0,245508,252117.0,255870.0,261635.0,279230.0,281726.0,259698.0,279108.0,292558.0,298431.0,258158.0,272431,287272.0,291402.0,292463.0,298372.0,307264.0,321061.0,310257.0,315316.0,324541.0,342791.0,303108,308586.0,317319.0,333794.0,71293.0,73066.0,75076.0,75400.0,55866.0,58476.0,59232.0,59453.0,61220.0,63539.0,64764.0,65196.0,77368.0,78933.0,80305.0,81220,61514.0,62173.0,64790.0,67246.0,67265.0,68377,70788.0,73011.0,135317.90625,91439,91971.0,94014.0,68899.0,72832.0,74253.0,75481.0,74912.0,80678.0,81718,83441.0,97496.0,102847.0,106015.0,115590.0,78352.0,83491.0,85647.0,89278.0,86719.0,91919,94588.0,101167.0,224622.0,237600.0,246633.0,250157.0,219827.0,232048.0,241936.0,246290.0,,,,,263288.0,274581.0,284308.0,287156.0,263846.0,275163.0,284190.0,285999.0,263653,274961,284233.0,286968.0,298492.0,312931,318195.0,327369.0,295057.0,304353.0,314727.0,323133.0,296730.0,307706.0,316296.0,325129.0,339000.0,353074.0,371201.0,375740.0,328597.0,351940.0,366811.0,373911.0,333070.0,353109.0,368990.0,374843.0,389959.0,401219.0,413279.0,436651.0,388609.0,398806.0,410188.0,432069.0,389827,400505.0,411907.0,434961.0
SULAWESI BARAT,262366.75757575757,212226.0,215503.0,220419.0,209873.0,221332.0,230339.0,233676.0,208787.0,219500.0,227208.0,230960.0,233411.0,308847.0344827586,255642.0,259387.0,240903.0,247744.0,248042.0,249420.0,239358.0,249544.0,249788,251463.0,261198.0,266109.0,277068.0,278234.0,252528.0,351876.4375,268940.0,270167.0,254518.0,262966,270655.0,271458.0,286970.0,299813.0,317189.0,334024.0,372772.96774193546,297024.0,313544.0,327816.0,279747,297545.0,314221.0,329203.0,52529.0,56854.0,57721.0,59698.0,53237.0,58262.0,60001.0,62063.0,53095.0,57979.0,59632.0,61558.0,61766.0,63058.0,65681.0,67038,63946.0,67392.0,70469.0,74140.0,63493.0,66374,69333.0,72578.0,67608.0,74540,77925.0,78733.0,75486.0,77679.0,80755.0,114210.74193548386,73626.0,76976.0,80088,81416.0,81929.0,82480.0,87516.0,94951.0,85163.0,87574.0,91833.0,98484.0,84504.0,86540,90966.0,97774.0,218429.0,230973.0,235934.0,245959.0,211850.0,228346.0,233215.0,246695.0,,,,,257004.0,269080.0,273224.0,280117.0,263110.0,279594.0,368300.4516129032,295739.0,261882,277479,286840.0,292518.0,295178.0,318376,321324.0,459224.3548387097,304849.0,401420.63333333336,318512.0,323561.0,302851.0,315918.0,434302.17647058825,324042.0,328806.0,340649.0,354993.0,356967.0,328014.0,339838.0,349695.0,352269.0,328144.0,339942.0,350743.0,352874.0,368899.0,560334.6451612903,404705.0,428974.0,363308.0,511958.75,405377.0,426299.0,364251,384085.0,405187.0,426977.0
MALUKU,293811.0,294604.0,301282.0,309375.0,315018.0,320259.0,327734.0,333547.0,306768.0,310278.0,318165.0,286891.4482758621,319133.0,341556.0,342923.0,328398.51612903224,342515.0,347373.0,351733.0,364361.0,333356.0,345090.0,348099,361160.0,380992.0,399149.0,407169.0,423608.0,388514.0,424033.0,428902.0,433906.0,385303.0,414480,419778.0,429678.0,431414.0,441674.0,460569.0,495440.0,440977.0,457656.0,473778.0,497638.0,436876,450442.0,403224.2727272727,496691.0,106536.0,110325.0,111698.0,115745.25,84158.0,85243.0,87443.0,90151.0,92864.0,95001.0,96137.0,100275.0,118510.0,119996.0,124804.0,127820,93271.0,96192.0,96604.0,102147.0,103508.0,106124,108357.0,113012.0,139398.0,146707,151053.0,160453.0,111187.0,118574.0,123188.0,132591.0,123475.0,130898.0,135419,144007.0,165150.0,171643.0,178780.0,187267.0,139669.0,142688.0,151424.0,166486.0,150854.0,155467,162991.0,175765.0,315012.0,358068.0,362783.0,369738.0,285967.0,339466.0,345536.0,355478.0,,,,,400347.0,404929.0,412980.0,424788.0,399176.0,405502.0,415177.0,423698.0,399632,405279,414302.0,424656.0,437644.0,461552,467727.0,484316.0,435787.0,443565.0,413154.0,466508.0,436864.0,451214.0,456456.0,474172.0,520390.0,545855.0,558222.0,513067.8064516129,499701.0,542606.0,552090.0,566497.0,508778.0,545378.0,555197.0,573685.0,533656.5454545454,613316.0,639349.0,682707.0,580646.0,600344.0,625202.0,664124.0,587730,605909.0,631326.0,672456.0
MALUKU UTARA,279379.0,292989.0,301209.0,284353.0606060606,273858.0,289208.0,298037.0,301999.0,275361.0,290237.0,295078.0,304466.0,315481.0,318011.0,330654.0,328398.51612903224,303436.0,307493.0,320771.0,329212.0,306642.0,310354.0,323639,329899.0,352536.0,358394.0,360482.0,364415.0,343631.0,344340.0,357381.0,361627.0,346075.0,348361,358264.0,362406.0,383780.0,398678.0,405708.0,429919.0,376259.0,390416.0,396637.0,420428.0,378475,392506.0,399127.0,423139.0,81553.0,85550.0,89579.0,93810.0,63930.0,67117.0,73252.0,77455.0,68726.0,72134.0,81476.0,82024.0,94931.0,95786.0,98243.0,118003,80348.0,83421.0,84786.0,86329.0,84356.0,86985,88628.0,95381.0,121938.0,125670,128282.0,130288.0,89184.0,91693.0,94698.0,97954.0,98575.0,101087.0,104375,107190.0,132670.0,134553.0,136264.0,143872.0,102193.0,104581.0,106751.0,111933.0,110900.0,112927,115255.0,121138.0,284374.0,317176.0,321231.0,339561.0,248026.0,281482.0,286242.0,307374.0,,,,,360933.0,378538.0,390788.0,405368.0,337789.0,356325.0,371289.0,379454.0,344087,362371,388934.3103448276,386490.0,410412.0,413797,428897.0,449693.0,383784.0,390914.0,405558.0,415541.0,390998.0,397339.0,412267.0,425280.0,474475.0,484064.0,488764.0,494703.0,432815.0,436033.0,452080.0,459580.0,444650.0,449448.0,462639.0,469596.0,516450.0,533231.0,541972.0,573792.0,478452.0,494997.0,503388.0,532361.0,489375,505433.0,514382.0,544277.0
PAPUA BARAT,328107.0,346945.0,355672.0,370573.0,358458.0,374902.0,382574.0,391900.0,346975.0,364325.0,372548.0,384627.0,375359.0,378551.0,383367.0,421470.0,397246.0,404857.0,407711.0,439399.0,389400.0,395479.0,398435,432692.0,433054.0,448816.0,453352.0,458403.0,447368.0,456010.0,470084.0,471297.0,441803.0,453232,463545.0,465715.0,474175.0,493825.0,407307.06666666665,535410.0,476185.0,491591.0,500372.0,525865.0,475394,387619.22580645164,503916.0,529916.0,123915.0,131755.0,132055.0,137689.0,75669.21875,82321.0,84422.0,89046.0,94594.0,101023.0,102419.0,100342.06451612903,140489.0,144831.0,146928.0,162059,89221.74193548386,89454.36666666667,98229.0,98872.48484848485,110377.0,114383,117927.0,128283.0,164353.0,169463,176386.0,177136.0,107703.0,115627.0,126202.0,130993.0,131510.0,138104.0,147343,150672.0,180703.0,189323.0,157963.28125,206365.0,137459.0,138294.0,141193.0,156596.0,156024.0,160036,161688.0,178241.0,382905.0,320886.5625,416158.0,440241.0,355839.0,389163.0,389812.0,423701.0,,,,,452022.0,478699.0,487727.0,508262.0,435207.0,457222.0,368300.4516129032,369049.0333333333,441569,465348,474967.0,492968.0,515849.0,523381,530295.0,583530.0,488564.0,499086.0,505941.0,544623.0,499777.0,509862.0,516362.0,560975.0,597406.0,618279.0,629738.0,635539.0,555072.0,571637.0,596286.0,602290.0,573313.0,591336.0,610888.0,616387.0,654878.0,683148.0,700168.0,741776.0,613644.0,629885.0,641565.0,682461.0,631418,652521.0,665604.0,708157.0
PAPUA,289615.0,269843.29411764705,305903.0,314057.0,307562.0,275124.0967741936,328157.0,336344.0,302807.0,305579.0,283453.6060606061,331243.0,328874.0,308847.0344827586,361012.0,378574.0,349305.0,350279.0,378887.0,392449.0,344637.0,346106.0,374752,388843.0,394446.0,402419.0,408356.0,419488.0,408203.0,424006.0,428109.0,443201.0,404631.0,418367,423243.0,365481.8181818182,428098.0,434937.0,456263.0,493024.0,451443.0,455814.0,476758.0,507226.0,445607,450729.0,471880.0,503948.0,151082.0,154345.0,161082.0,115745.25,80533.0,80060.875,84834.0,88921.0,99224.0,94300.06060606061,105265.0,108778.0,169493.0,121623.34375,181530.0,188327,91981.0,96715.0,103112.0,107165.0,103349.74193548386,117951,124711.0,129967.0,194298.0,201039,202759.0,202858.0,102005.58064516129,114082.0,114586.0,119210.0,135468.0,138869.0,139749,143093.0,206605.0,208134.0,220512.0,230322.0,122067.0,126343.0,131446.0,138890.0,146352.0,150066,157295.0,165460.0,362401.0,387789.0,404944.0,345928.15625,298395.0,322079.0,338206.0,340846.0,,,,,440697.0,445057.0,466985.0,479294.0,388095.0,392446.0,412991.0,369049.0333333333,402031,406385,427175.0,440021.0,498368.0,508403,542542.0,566903.0,441287.0,446994.0,482000.0,499615.0,457541.0,464057.0,499463.0,518811.0,588744.0,603458.0,507412.9705882353,622346.0,520117.0,538088.0,542695.0,562412.0,540099.0,557236.0,562992.0,580463.0,634703.0,643071.0,676775.0,723346.0,573510.0,582157.0,608205.0,646116.0,591959,600795.0,629175.0,669408.0
ACEH,262366.75757575757,247840.0,255181.0,259886.0,245357.0,256120.0,266132.0,270038.0,242241.0,251943.0,260469.0,264941.0,270856.0,283220.0,295272.0,328398.51612903224,278277.0,284740.0,294302.0,299883.0,274544.0,283964.0,294806,302022.0,316687.0,329220.0,339519.0,342356.0,309287.0,320019.0,331492.0,335042.0,313232.0,324911,335793.0,339003.0,353767.0,363836.0,377958.0,401969.0,344277.0,355299.0,370096.0,391093.0,349474,360007.0,374454.0,397125.0,104263.0,108538.0,109346.0,112228.0,72524.0,76914.0,77514.0,80382.0,88535.0,92866.0,93917.0,97050.0,114765.0,117775.0,120342.0,121860,83218.0,86169.0,89606.0,92270.0,103349.74193548386,103196,106414.0,108647.0,125375.0,129160,132303.0,144946.60606060605,95111.0,98495.0,101788.0,102860.0,112018.0,115627.0,118859,119943.0,148182.26470588235,138894.0,143536.0,150380.0,105908.0,109175.0,114113.0,122077.0,123051.0,126161,131014.0,138422.0,289042.0,275779.0,318514.0,326853.0,253273.0,275779.0,286097.0,296681.0,,,,,342541.0,356378.0,364527.0,372114.0,317881.0,333034.0,343647.0,350420.0,330776,344809,354386.0,361991.0,385621.0,400995,449144.8,425770.0,361496.0,370910.0,383908.0,392154.0,374477.0,387160.0,401220.0,410669.0,442063.0,458380.0,471822.0,513067.8064516129,404398.0,418515.0,433281.0,437902.0,425250.0,440538.0,454652.0,458946.0,489848.0,502730.0,521494.0,552349.0,450185.0,464474.0,484209.0,561981.3,472525,528624.0294117647,505468.0,535547.0
